Variables,CLM40cn,CLMCopy
Surface Upward SW Radiation,0.6907436749586129,0.6907436749586129
Albedo,0.6015852789166838,0.6015852789166838
